{
  "snr_db": [
    -5.0,
    -4.0,
    -3.0,
    -2.0,
    -1.0,
    0.0,
    1.0,
    2.0,
    3.0,
    4.0,
    5.0,
    6.0,
    7.0,
    8.0,
    9.0,
    10.0
  ],
  "ber_mean": [
    0.030259059244897957,
    0.02447192381632653,
    0.016655035408163266,
    0.007284982334693878,
    0.006110534481632653,
    0.0029361201265306128,
    0.00012765741632653064,
    1.7020987755102042e-05,
    0.0,
    0.0,
    0.0,
    0.0,
    0.0,
    0.0,
    0.0,
    0.0
  ],
  "ber_std": [
    0.016552827044853124,
    0.01633011963817519,
    0.01119026964216412,
    0.0066370829648753115,
    0.00680523459302066,
    0.004393685770986774,
    0.00035946137236474217,
    9.264328343555325e-05,
    0.0,
    0.0,
    0.0,
    0.0,
    0.0,
    0.0,
    0.0,
    0.0
  ],
  "count": [
    49,
    49,
    49,
    49,
    49,
    49,
    49,
    49,
    0,
    0,
    0,
    0,
    0,
    0,
    0,
    0
  ]
}